Metric,Value
Total Nodes,17412.0
Total Edges,37857.0
Density,0.00012487451689424857
Average Degree,4.348380427291523
